id;nombre_evento;fecha;hora_inicio;hora_fin
1;Orchestrator Naira;2019-11-01T10:32:57;2019-10-31T22:08:32;2019-11-01T02:04:47
2;Product;2019-10-31T20:45:40;2019-10-31T20:57:37;2019-11-01T18:22:52
3;brand Generic B2B;2019-11-01T15:41:51;2019-11-01T15:15:18;2019-11-01T04:14:44
4;facilitate Persevering;2019-11-01T13:23:15;2019-11-01T17:54:15;2019-11-01T11:07:18
5;zero defect Ridges Beauty;2019-11-01T13:03:20;2019-11-01T12:20:28;2019-11-01T09:54:04
6;Credit Card Account clear-thinking Frozen;2019-11-01T17:56:28;2019-11-01T00:01:45;2019-10-31T21:11:50
7;models New Mexico District;2019-11-01T17:47:02;2019-10-31T21:23:05;2019-10-31T22:43:49
8;Aruba Chair portals;2019-11-01T01:06:27;2019-11-01T00:19:00;2019-11-01T08:14:28
9;Liaison engage navigate;2019-11-01T10:20:17;2019-10-31T20:29:32;2019-10-31T23:52:12
10;Tennessee Practical Steel Shirt Plastic;2019-11-01T19:26:30;2019-11-01T18:25:01;2019-11-01T17:57:40
